Name,Surname,Sex,Nationality,Birthdate,Age,Email,Phone
Random,Chin,Male,Suriname,19-09-1991,26,chin@hotmail,262-116-000
Random,Schneider,Female,Switzerland,23-09-1967,50,redienhcs@wp.pl,782-563-053
Random,Lee,Female,New Zealand,29-06-1993,25,ran_lee@hotmail,876-375-413
Tamala,Random,Female,Tanzania,10-12-1980,37,tam_ran@hotmail,811-110-413
Random,Hansen,Female,Denmark,21-01-1994,24,hansen@o2.pl,432-185-245
Random,Yu,Male,Korea,10-01-1972,46,uy@hotmail,343-854-465
Beatrix,Random,Female,South Africa,31-07-1968,50,brandom@hotmail,743-541-338
Cherissa,Random,Female,Burundi,21-04-1990,28,random90@o2.pl,733-338-306
Sharan,Random,Female,Zimbabwe,24-07-1972,46,sha_ran@gmail.com,684-088-158
Inass,Random,Female,Morocco,22-05-1997,21,random97@gmail.com,267-662-363
Random,Martinez,Female,Cuba,01-02-1989,29,martinez@yahoo.com,472-634-041
Random,Sala,Female,Italy,22-07-1991,27,alas@yahoo.com,754-282-012
Random,Nielsen,Male,Denmark,04-05-1995,23,ran_nie@yahoo.com,408-277-022
Kobe,Random,Male,Djibouti,31-12-1970,47,random@gmail.com,770-865-803
Random,Poulsen,Female,Denmark,07-02-1975,43,rpoulsen@yahoo.com,173-614-426
Anna,Random,Female,Djibouti,01-04-1981,37,modnar@gmail.com,487-167-007
Nihar,Random,Male,Libya,18-08-1971,46,nrandom@wp.pl,152-848-130
Mihai,Random,Male,Namibia,07-01-1972,46,modnar@gmail.com,222-415-757
Random,Ramírez,Male,Colombia,02-04-1985,33,rramírez@o2.pl,411-674-484
Random,Ceban,Female,Moldova,04-10-1989,28,ran_ceb@wp.pl,310-238-143
Violetta,Random,Female,Djibouti,23-11-1977,40,random77@o2.pl,661-661-146
Random,Steffen,Female,Luxembourg,28-07-1999,19,rsteffen@yahoo.com,431-468-072
Random,Gagnon,Female,Canada,21-12-1985,32,gagnon@wp.pl,224-174-121
Random,Martin,Female,New Zealand,19-09-1984,33,nitram@yahoo.com,744-362-250
Landon,Cox,Male,Usa,07-12-1999,18,cox99@wp.pl,136-772-807
Dzsino,Random,Male,Ghana,19-07-1972,46,modnar@yahoo.com,330-888-850
Random,Van,Male,Suriname,05-07-1994,24,rvan@wp.pl,123-770-354
Hafida,Random,Female,Somalia,22-12-1990,27,random90@gmail.com,686-473-514
Random,González,Male,Paraguay,30-05-1971,47,gonzález@hotmail,373-310-582
Helmer,Random,Male,Angola,20-01-1972,46,hel_ran@gmail.com,664-087-606
Abigail,Random,Female,Cameroon,18-08-1985,32,arandom@gmail.com,674-618-233
Melinda,Random,Female,Zimbabwe,25-07-1981,37,random81@gmail.com,180-744-421
Random,David,Female,Israel,22-03-1978,40,ran_dav@wp.pl,872-023-736
Noál,Random,Female,Libya,02-05-1986,32,nrandom@wp.pl,887-774-557
Random,Kristensen,Male,Denmark,22-04-1989,29,kristensen@wp.pl,116-725-723
Random,Gomez,Male,Texas,29-05-1978,40,gomez78@wp.pl,436-056-034
Random,Gómez,Male,Paraguay,04-04-1991,27,gomez91@yahoo.com,103-074-243
Emmerentia,Random,Female,Zambia,04-12-1980,37,random80@hotmail,528-578-834
Random,Ionescu,Female,Romania,22-05-1995,23,ionescu95@gmail.com,163-068-065
Random,Gómez,Male,Paraguay,10-08-1982,35,zemog@yahoo.com,152-831-267
Midian,Random,Male,Zimbabwe,11-06-1992,26,mrandom@o2.pl,200-510-232
Random,Spiteri,Male,Malta,26-01-1991,27,spiteri91@hotmail,670-724-170
Random,Mejía,Male,El Salvador,04-09-1974,43,aíjem@gmail.com,704-483-225
Random,Vukoviæ,Male,Croatia,25-11-1979,38,ran_vuk@wp.pl,823-323-110
Random,Butkus,Female,Lithuania,21-10-1987,30,butkus87@hotmail,827-562-158
Random,Novik,Female,Belarus,20-01-1987,31,novik@wp.pl,580-487-634
Random,Li,Female,New Zealand,06-12-1980,37,li80@yahoo.com,453-207-674
Random,Harris,Male,Australia,07-05-1974,44,rharris@yahoo.com,345-355-042
Random,Jonsson,Female,Sweden,22-11-1996,21,jonsson96@o2.pl,273-552-150
Random,Gazi,Female,Bangladesh,20-10-1975,42,gazi@hotmail,634-125-232
Random,Petersen,Male,Faroe Islands,25-12-1989,28,ran_pet@gmail.com,207-382-455
Random,Jorgensen,Female,Norway,14-03-1969,49,ran_jor@hotmail,860-323-553
Random,Papoutsis,Male,Greece,08-06-1983,35,ran_pap@gmail.com,547-278-277
Random,Thompson,Male,New Zealand,23-12-1967,50,thompson@wp.pl,141-646-436
Cisca,Random,Female,Central African Republic,29-11-1989,28,modnar@o2.pl,865-188-585
Random,Markoviæ,Female,Croatia,10-10-1979,38,ran_mar@o2.pl,763-175-518
Random,Shapira,Female,Israel,14-11-1980,37,aripahs@yahoo.com,752-567-571
Random,Morozov,Female,Russia,01-11-1997,20,morozov@gmail.com,246-505-342
Random,Green,Female,United Kingdom,24-11-1976,41,green76@gmail.com,568-171-600
Louie,Williams,Male,Usa,24-09-1979,38,smailliw@yahoo.com,588-613-321
Random,Karlsen,Male,Norway,05-11-1981,36,neslrak@yahoo.com,117-124-287
Random,Adams,Female,Texas,11-03-1970,48,radams@yahoo.com,631-412-723
Random,Schmidt,Male,Germany,22-11-1982,35,schmidt@hotmail,286-422-366
Random,Nikolov,Male,Bulgaria,23-03-1971,47,nikolov@gmail.com,482-265-784
Random,Grigorov,Male,Bulgaria,22-09-1988,29,rgrigorov@yahoo.com,160-735-251
Jord,Random,Male,Namibia,08-12-1969,48,modnar@gmail.com,631-622-113
Isabella,Hill,Female,Usa,16-09-1968,49,ihill@o2.pl,807-271-885
Random,(o')moore,Male,Ireland,21-06-1978,40,eroom)'o(@o2.pl,551-160-413
Random,Turunen,Male,Finland,30-08-1995,22,ran_tur@yahoo.com,765-481-524
Marfa,Random,Female,Egypt,07-06-1991,27,mar_ran@wp.pl,253-072-753
Random,Grech,Female,Malta,21-03-1982,36,grech@gmail.com,222-678-773
Random,Gashi,Female,Kosovo,27-07-1997,21,ran_gas@wp.pl,766-086-320
Random,Tasev,Female,Bulgaria,06-08-1998,20,tasev@o2.pl,555-738-106
Shanice,Random,Female,Ghana,04-10-1980,37,modnar@gmail.com,168-582-514
Random,Ibrahimov,Male,Azerbaijan,27-10-1972,45,ran_ibr@o2.pl,155-152-085
Waldo,Random,Male,South Africa,04-04-1991,27,wrandom@wp.pl,835-286-041
Denzel,Random,Male,Angola,12-08-1988,29,random@wp.pl,435-672-858
Random,Tahiroviæ,Male,Bosnia And Herzegovina,25-02-1969,49,ran_tah@hotmail,785-654-341
Random,Juriæ,Female,Croatia,13-10-1982,35,ciruj@o2.pl,471-123-160
Random,Lewandowski,Female,Poland,07-04-1993,25,lewandowski@hotmail,657-847-172
Random,Bojidarov,Female,Bulgaria,20-10-1983,34,rbojidarov@wp.pl,245-761-841
Random,Stankevièius,Male,Lithuania,23-04-1977,41,stankevièius@wp.pl,278-272-643
Sieglien,Random,Female,Zambia,15-04-1988,30,random88@yahoo.com,173-233-086
Random,Martínez,Female,El Salvador,22-12-1999,18,martínez@gmail.com,784-350-050
Random,Morozov,Female,Russia,22-08-1997,20,rmorozov@hotmail,835-116-822
Random,Shakya,Female,Nepal,01-08-1989,29,aykahs@o2.pl,687-704-170
Garbert,Random,Male,Ghana,06-03-1989,29,modnar@o2.pl,346-468-524
Random,González,Male,Colombia,19-11-1995,22,zeláznog@hotmail,188-301-008
Random,Patel,Female,New Zealand,02-11-1990,27,patel90@gmail.com,568-346-451
Random,Vinogradov,Male,Russia,03-02-1995,23,ran_vin@wp.pl,141-282-437
Random,Pérez,Male,Cuba,05-08-1974,44,ran_pér@yahoo.com,322-854-851
Random,Saar,Female,Estonia,26-03-1987,31,saar87@o2.pl,465-352-452
Random,Stoica,Female,Romania,21-12-1970,47,ran_sto@wp.pl,816-458-316
Curley,Random,Male,Angola,01-03-1994,24,cur_ran@gmail.com,763-647-420
Random,Sugiyama,Male,Japan,07-12-1990,27,amayigus@o2.pl,884-778-881
Random,Ramos,Male,Canary Islands,11-05-1997,21,ran_ram@gmail.com,166-380-750
Random,Svoboda,Female,Czech Republic,17-03-1969,49,rsvoboda@wp.pl,157-741-873
Random,García,Male,Colombia,11-08-1991,26,ran_gar@wp.pl,456-415-658
Rosalinda,Random,Female,Libya,26-04-1999,19,random@yahoo.com,402-416-504
